Timestamp,Open,High,Low,Close,Volume,FastEMA,SlowEMA,RSI,Stoch_K,Stoch_D,BB_Upper,BB_Middle,BB_Lower,MACD,MACD_Signal,MACD_Hist,ATR,ADX,DI_Plus,DI_Minus,EMACrossover,PriceToSlowEMA,BarType,SwingHigh,SwingLow,RangePercent
2025-02-24 04:26:00,21810.75,21810.75,21802.25,21805.5,460,21803.4942969591,21798.0343899904,62.5155349791018,66.9493142516394,61.2362927655404,21865.875,21808.375,21750.875,8.01079135981854,8.3608545888011,-0.350063228982558,7.43133742909488,30.7266191398834,0,66.6666666666667,0,0.0342490055573206,-1,0,1,0.038986801820913
2025-02-24 04:27:00,21805.75,21807.25,21803,21806.25,251,21803.9953338757,21798.8168290389,63.1098615895537,51.147286821705,62.2593615153534,21813.375,21805.875,21798.375,7.7198630340572,8.23265627785232,-0.512793243795121,7.20409904130239,30.1642481845761,0,0,0,0.0340989651841081,1,0,0,0.0194927303582076
2025-02-24 04:28:00,21805.75,21810.25,21805,21809.25,266,21804.9507277164,21799.8104643685,65.4683607642772,49.9316005471952,62.3002902881414,21837.75,21807.75,21777.75,7.64326832830193,8.11477868794224,-0.471510359640313,7.06452053835222,30.048241680135,57.1428571428571,0,0,0.0433009986343001,1,0,0,0.0240770465489567
2025-02-24 04:29:00,21808.75,21809.25,21805.75,21808,213,21805.5051408589,21800.590420143,63.6425880283184,62.8425869144767,62.8308569403027,21821.125,21808.625,21796.125,7.3964403585087,7.97111102205553,-0.574670663546835,6.80991192846992,29.9405213545825,0,0,0,0.033987977913591,-1,0,0,0.0160508122857503
2025-02-24 04:30:00,21808.25,21811.25,21804.5,21806.75,272,21805.7314788846,21801.177046796,61.7869357822809,61.550597250394,62.8188944162139,21819.875,21807.375,21794.875,7.01905160316892,7.78069913827821,-0.761647535109292,6.80563250500778,30.1157191092583,29.6296296296296,0,0,0.0255626253207253,-1,1,1,0.0309569125639203
2025-02-24 04:31:00,21807,21810,21805.75,21810,181,21806.5075736328,21802.0173280535,64.6712038993105,61.2601106853976,62.1676528310643,21840.875,21808.375,21775.875,6.90264671960176,7.60508865454292,-0.702441934941159,6.62308732607865,30.2784027386001,0,0,0,0.0366143730020348,1,0,0,0.0194902720612682
2025-02-24 04:32:00,21809.75,21811.75,21808.75,21809.75,165,21807.0971056996,21802.7537730008,64.2693492487248,62.409535972754,61.0127231806502,21812.375,21809.875,21807.375,6.71284065162399,7.42663905395914,-0.713798402335144,6.36429537421589,30.6799932566952,58.3333333333333,0,0,0.0320887309558336,0,0,0,0.0137559465810741
2025-02-24 04:33:00,21809.75,21812,21804,21805,366,21806.7158137542,21802.9676993817,57.0196367583323,55.4650915283095,58.6973934727773,21854.875,21807.375,21759.875,6.10871520632281,7.16305428443187,-1.05433907810906,6.48113141891476,29.7746730944131,0,59.375,0,0.00932121097608109,-1,1,0,0.0366905155017428
2025-02-24 04:34:00,21804.75,21807.25,21800.5,21802,575,21805.8583930716,21802.8755375358,52.9566125793253,32.6524237881055,55.7831663959729,21833.5,21803.5,21773.5,5.32646632232718,6.79573669201093,-1.46927036968376,6.5003363175637,28.1366012656639,0,51.8518518518518,0,-0.00401569753635772,-1,0,0,0.0309625926010871
2025-02-24 04:35:00,21802,21802,21795,21797.75,438,21804.3841397859,21802.3873911038,47.7640853254215,13.9066496163679,52.8700710755886,21842.375,21799.875,21757.375,4.31386145512079,6.2993616446329,-1.98550018951212,6.53602658059487,26.6913467050224,0,78.5714285714286,0,-0.0212701068953927,-1,0,0,0.0321174581325992
2025-02-24 04:36:00,21798,21798.75,21794,21794.75,374,21802.6324780066,21801.6600205225,44.4508259853892,11.6267754025314,50.9357963858007,21826.25,21796.25,21766.25,3.2320330098155,5.68589591766942,-2.45386290785393,6.40845325340952,25.5224078258202,0,21.0526315789474,0,-0.0316949283495569,-1,0,0,0.0217949894466367
2025-02-24 04:37:00,21795.25,21799.25,21793,21798.75,286,21801.9265729145,21801.3828757108,49.4825710019107,28.5752456118712,49.7047307701332,21836.75,21796.75,21756.75,2.66670265512221,5.08205726515998,-2.41535461003777,6.39713516388027,24.613456689766,0,16,0,-0.0120766454396927,1,0,1,0.0286789336025329
2025-02-24 04:38:00,21797.75,21799.5,21794.5,21798,238,21801.2126505664,21801.0606970717,48.5937639037957,48.8241143901517,48.8706118749418,21805.875,21798.375,21790.875,2.13356117887815,4.49235804790361,-2.35879686902546,6.29733979503168,23.7101008968649,5,0,0,-0.0140392117349181,1,0,0,0.0229415678267453
2025-02-24 04:39:00,21798,21800.75,21793.75,21796.5,237,21800.3558050089,21800.6263449696,46.7838179859246,61.9910853781817,47.7951727256486,21812.25,21797.25,21782.25,1.57188553590822,3.90826354550454,-2.33637800959631,6.34752980967227,22.5662496663224,17.8571428571429,0,-1,-0.0189276441160648,-1,1,0,0.0321193002581015
2025-02-24 04:40:00,21796.5,21797.5,21791,21795.5,369,21799.4729313709,21800.1381216392,45.5653525393997,56.0794044665008,47.0187505981387,21806,21796,21786,1.03414096622146,3.33343902964792,-2.29929806342646,6.35842053755282,22.0504868506888,0,42.3076923076923,0,-0.021275652536364,-1,0,0,0.0298288284154009
2025-02-24 04:41:00,21794,21794.75,21788.25,21788.75,490,21797.5233074853,21799.053538626,38.3119712044572,31.7717121588085,45.6347809793604,21859.625,21792.125,21724.625,0.0625844974820211,2.67926812321474,-2.61668362573272,6.42210478487048,22.0669996866643,0,37.9310344827586,0,-0.0472659907353033,-1,0,0,0.0298325932555391
2025-02-24 04:42:00,21789.25,21794.75,21783,21783.75,511,21795.0190697607,21797.5960587568,33.9950654075993,18.4420866489828,43.3855299866309,21836.25,21786.25,21736.25,-1.09818008056391,1.92377848245901,-3.02195856302292,6.8026687288083,22.8826484961268,0,44.6808510638298,0,-0.0635210356201143,-1,0,0,0.0539411467658266
2025-02-24 04:43:00,21784,21787,21781.5,21783.5,424,21792.9246934406,21796.2535769704,33.7900523014338,8.08891780524791,39.474553621686,21786.125,21783.625,21781.125,-2.01503916500951,1.13601495296531,-3.15105411797482,6.70962096246485,23.8418347655338,0,27.2727272727273,0,-0.058512702311022,-1,0,1,0.0252507862176618
2025-02-24 04:44:00,21784.25,21788.5,21783.75,21787.75,241,21791.9838400877,21795.4437124971,40.3732990121377,22.4788549121662,36.6837148832412,21828.125,21785.625,21743.125,-2.37138130621315,0.434535701129615,-2.80591700734277,6.58750517943165,24.3066188636779,30,0,0,-0.0352996369266867,1,0,0,0.021805244735181
2025-02-24 04:45:00,21787.5,21790,21786.75,21788.25,221,21791.3049600718,21794.7585970212,41.1150986137272,47.2253052164258,35.6812287783146,21793,21788,21783,-2.58365641620185,-0.169102722336677,-2.41455369386517,6.34911195232939,24.3193472384055,46.1538461538462,0,0,-0.0298631296703055,1,0,0,0.0149173236026484
2025-02-24 04:46:00,21788,21794,21786.5,21793,345,21791.6131491496,21794.5911115906,47.7636485919153,72.2751594885534,36.3859161723003,21838.125,21790.625,21743.125,-2.34160806743239,-0.60360379135582,-1.73800427607657,6.43131824144872,23.3138406458105,53.3333333333333,0,0,-0.00730048837542388,1,1,0,0.0344249879512542
2025-02-24 04:47:00,21793.25,21793.25,21790.25,21793.25,236,21791.9107583952,21794.4633866772,48.0958155578267,86.5518890483018,38.6064017094426,21795.625,21793.125,21790.625,-2.10534103557802,-0.90395124020026,-1.20138979537776,6.18622408134524,22.3801559526866,0,0,0,-0.0055674079038141,0,0,0,0.0137676254288042
2025-02-24 04:48:00,21792.25,21793.25,21783.75,21784.5,308,21790.5633477779,21793.5144927079,38.7968817969187,62.5203252032516,40.7398232390959,21876.375,21788.875,21701.375,-2.59424474525804,-1.24200994121182,-1.35223480404622,6.42292236124915,22.6503700808455,0,68.4210526315789,0,-0.0413631895440431,-1,0,0,0.0436104894703621
2025-02-24 04:49:00,21784.25,21786,21781.5,21784.75,380,21789.5063754546,21792.6797791167,39.1588247241705,41.6588825462719,42.7221255912319,21787.125,21784.625,21782.125,-2.92778189962337,-1.57916433289413,-1.34861756672924,6.28557076401707,23.2283884186434,0,50,0,-0.0363873520699194,1,0,0,0.0206597341780869
2025-02-24 04:50:00,21785.75,21785.75,21780,21781.25,410,21788.005216281,21791.5912287246,35.9531719717026,14.8035366343222,42.9490371077884,21818,21783,21748,-3.43493742626742,-1.95031895156879,-1.48461847469864,6.24731570944442,23.9760085620678,0,26.0869565217391,0,-0.0474551335700563,-1,0,0,0.0264003673094582
2025-02-24 04:51:00,21781.25,21784.25,21779.5,21783.25,324,21787.1406315027,21790.796825989,39.0249217018417,31.5952814748475,43.1647539551438,21802.25,21782.25,21762.25,-3.63359275424955,-2.28697371210494,-1.34661904214461,6.14036458734125,24.7416113031373,0,10.5263157894737,0,-0.0346330886805951,1,0,1,0.0218094997589476
2025-02-24 04:52:00,21784.75,21787,21783,21783,230,21786.3877894113,21790.0542711329,38.7745818319561,37.9309788743747,42.386672846874,21785.625,21783.125,21780.625,-3.76776894848808,-2.58313275938157,-1.18463618910652,5.98748140253116,24.6640044480601,68.75,0,0,-0.032373811671526,-1,1,0,0.0183629435798559
2025-02-24 04:53:00,21783.25,21785.5,21780.5,21782.75,181,21785.7263731547,21789.3586262631,38.5085522958945,49.2307692307688,41.4752216934874,21785.375,21782.875,21780.375,-3.84989822945863,-2.83648585339698,-1.01341237606165,5.91694701663607,24.9969989008667,0,50,0,-0.0303296043560358,-1,0,0,0.0229563141342026
2025-02-24 04:54:00,21782,21784,21778,21781.75,381,21785.0033962175,21788.6339951904,37.4031123583057,43.8888888888885,40.6044705808008,21792.25,21782.25,21772.25,-3.95014312789499,-3.05921730829658,-0.890925819598407,5.92287937259064,25.6801130113994,0,41.6666666666667,0,-0.0315944321792256,-1,0,1,0.0275507392781706
2025-02-24 04:55:00,21782,21784.25,21780.25,21781.25,100,21784.3209605416,21787.9307575532,36.8337631284612,42.7777777777774,41.3906181250129,21786.5,21781.5,21776.5,-4.02355274201909,-3.25208439504108,-0.771468346978008,5.78553084597702,26.2383737876151,6.25,0,0,-0.0306626527665787,-1,0,0,0.0183652621067251
2025-02-24 04:56:00,21781.5,21785,21780.5,21781.5,145,21783.8080586249,21787.3183044529,37.3472927797917,44.9999999999996,43.2876119357998,21783.875,21781.375,21778.875,-4.01527192411595,-3.40472190085606,-0.610550023259893,5.69370721412152,26.5190501189009,16.6666666666667,0,0,-0.0267050050474442,0,1,0,0.0206606827207824
2025-02-24 04:57:00,21781.5,21781.5,21777,21777.5,241,21782.6611388749,21786.3832278383,32.7584003935419,33.194444444444,45.0808638385995,21819.5,21779.5,21739.5,-4.28211433830438,-3.58020038834572,-0.701913949958659,5.60844241311284,27.3350222480521,0,77.7777777777778,0,-0.0407742200504135,-1,0,0,0.0206640033062405
2025-02-24 04:58:00,21778,21780.25,21776,21778.75,290,21781.9500227158,21785.6562537585,35.4284814877076,28.9351851851848,45.5420302866723,21790.625,21778.125,21765.625,-4.34266478431164,-3.73269326753891,-0.609971516772731,5.51141081217621,28.2395315821925,0,23.5294117647059,0,-0.0317009213679921,1,0,1,0.0195168993387215
2025-02-24 04:59:00,21779,21785.25,21779,21782.75,274,21782.0954731311,21785.3794676863,43.2010000253977,36.5928428428424,44.7825686885592,21820.75,21780.75,21740.75,-4.02152721597668,-3.79046005722646,-0.231067158750215,5.5820243255922,27.5658829130064,76.9230769230769,0,0,-0.0120698732384597,1,1,0,0.0286973690252078
2025-02-24 05:00:00,21783.5,21784.75,21782.5,21783.25,161,21782.3053871073,21785.17666124,44.1066812414623,60.6356356356352,43.9511741276364,21788,21783,21778,-3.68420829815295,-3.76920970541176,0.0850014072588063,5.3440225880499,26.940352005905,0,0,0,-0.00884390918611663,-1,0,0,0.0103293928612418
2025-02-24 05:01:00,21783.25,21786.75,21781.25,21782.75,457,21782.3862258151,21784.9455506457,43.3620703840702,66.5794827085145,42.5245736747945,21788,21783,21778,-3.4178278548643,-3.69893333530227,0.281105480437968,5.35516383176062,25.8027264695435,36.3636363636364,0,0,-0.0100782930146337,-1,0,0,0.0252510760401722
2025-02-24 05:02:00,21782.75,21787.75,21782.75,21783,276,21782.4978211214,21784.760260108,43.8722898173994,51.2295173585492,41.7180874001729,21785.375,21782.875,21780.375,-3.15023260323142,-3.5891931888881,0.438960585656682,5.32979498663486,24.4757861064908,20,0,0,-0.00808023630726953,1,1,0,0.022953942913544
2025-02-24 05:03:00,21783.25,21786.25,21780,21785.75,207,21783.0891263721,21784.8545210501,49.2844217703891,49.834574028122,42.3020653631622,21811.875,21784.375,21756.875,-2.68530489778277,-3.40841553066703,0.723110632884262,5.39552391616094,23.851827349762,0,44,0,0.00411055740147154,1,0,0,0.0286960514233242
2025-02-24 05:04:00,21785.25,21787.25,21777.5,21780.25,280,21782.5729215771,21784.4159952358,40.8089941194963,42.6486312009518,44.29100068935,21838,21783,21728,-2.72918997302622,-3.27257041913887,0.543380446112648,5.70655792214944,23.7686423536558,0,25.6410256410256,0,-0.0191237407360493,-1,0,1,0.0447709792216737
2025-02-24 05:05:00,21780.75,21784,21780.25,21783.25,198,21782.6960267449,21784.3049480705,46.2397068700392,53.3323918847125,45.8436514329118,21811.75,21781.75,21751.75,-2.49315474738614,-3.11668728478833,0.623532537402183,5.56680378485306,23.6913991429858,0,0,0,-0.00484269786431375,1,0,0,0.0172174332250548
2025-02-24 05:06:00,21783.25,21783.75,21779.5,21781.75,143,21782.5240218822,21784.0616196828,44.0628571233604,43.1311236189281,46.215090343237,21797.5,21782.5,21767.5,-2.3994729637925,-2.97324442058916,0.573771456796657,5.47274637164927,23.7736663288888,0,17.6470588235294,0,-0.0106115182887826,-1,0,0,0.0195137629422163
2025-02-24 05:07:00,21782.5,21784.25,21779.5,21782.75,164,21782.5651088127,21783.9367035225,45.8916767814186,56.9950517318934,46.7696819504602,21792.25,21782.25,21772.25,-2.21895905398196,-2.82238734726772,0.60342829328576,5.42112163081718,23.6750326711261,10.5263157894737,0,0,-0.00544760820183721,1,0,0,0.0218094997589476
2025-02-24 05:08:00,21783.25,21785.25,21779.75,21782,176,21782.4623617559,21783.752255568,44.7110002416893,51.8296856969622,47.3368817224655,21789.875,21782.375,21774.875,-2.11207255423142,-2.68032438866046,0.568251834429044,5.42675580004452,23.2288571809174,18.1818181818182,0,0,-0.00804386474587894,-1,1,0,0.0252528151149577
2025-02-24 05:09:00,21781.5,21782.25,21777.75,21779,254,21781.8328414366,21783.2996597996,40.2502282073556,42.8553267226032,47.3424209328102,21810.5,21780.5,21750.5,-2.24357660651367,-2.5929748322311,0.349398225717433,5.3605589571842,23.2883986581187,0,44.4444444444444,0,-0.019738331046192,-1,0,0,0.0206632916623618
2025-02-24 05:10:00,21779,21780.25,21771.5,21774,499,21780.4086884481,21782.413977914,34.1371931537728,26.1089152393496,45.9930577356209,21826.5,21776.5,21726.5,-2.71989942119399,-2.61835975002368,-0.101539671170306,5.6026618888139,24.4981156031839,0,71.4285714285714,0,-0.038627389611116,-1,0,0,0.0401901568564408
2025-02-24 05:11:00,21773.25,21774.75,21770,21770.25,584,21778.5616541848,21781.2555038269,30.4071779533376,12.2964337250047,44.5003426842324,21809.625,21772.125,21734.625,-3.36123610595314,-2.76693502120957,-0.594301084743567,5.54175746818433,25.8440491153658,0,31.5789473684211,0,-0.050527407958534,-1,0,0,0.0218190169958659
2025-02-24 05:12:00,21770.75,21772.75,21767.25,21768,339,21776.641353424,21779.993074891,28.4019364824925,8.6639550925261,43.0523976776139,21791.625,21769.125,21746.625,-4.00489036203726,-3.01452608937511,-0.990364272662148,5.53877479188545,27.4715818779179,0,50,0,-0.0550646405156028,-1,0,0,0.0252673167258152
2025-02-24 05:13:00,21767.5,21771.5,21766,21771,376,21775.6156528014,21779.1365915681,34.5952526910083,21.6509680795391,41.9851209088065,21799.5,21769.5,21739.5,-4.22422186908807,-3.2564652453177,-0.967756623770367,5.53600516389363,29.1431852163253,0,22.7272727272727,0,-0.0373595690253773,1,0,1,0.0252687678029955
2025-02-24 05:14:00,21771.5,21774.25,21769.75,21773.5,215,21775.2309886557,21778.5997733235,39.3068190753422,51.2737262737259,41.3164130972416,21797.25,21772.25,21747.25,-4.14849331342702,-3.43487085893957,-0.713622454487458,5.46200479504409,29.6844511241499,61.1111111111111,0,0,-0.023416442638935,1,0,0,0.0206708850583953
2025-02-24 05:15:00,21773.75,21784,21773.75,21782.75,625,21776.5980816274,21778.995033007,52.8428176003854,80.3691678691674,42.3013906087168,21870.625,21778.125,21685.625,-3.3039938089787,-3.40869544894739,0.104701639968691,5.82186159539808,27.6116489478348,92.8571428571429,0,0,0.0172412316883624,1,1,0,0.0470750330099317
2025-02-24 05:16:00,21782.75,21783.5,21777.5,21778.75,244,21776.9893395133,21778.9716965301,47.8708895149761,82.3741804004958,44.5260093974272,21820.75,21780.75,21740.75,-2.92378486607777,-3.31171333237347,0.387928466295702,5.83458576715536,25.6869040698279,0,0,0,-0.00101793846467014,-1,0,0,0.0275513718287223
2025-02-24 05:17:00,21778.75,21778.75,21769,21770,358,21775.7185505109,21778.1172492415,39.1853737894604,54.2933723196877,44.8444949896819,21861.875,21774.375,21686.875,-3.29058657900168,-3.30748798169911,0.016901402697429,6.11425821235855,25.393271571791,0,87.1794871794872,0,-0.0372725022490505,-1,0,0,0.0447884606550599
2025-02-24 05:18:00,21770.5,21773.5,21768.5,21773,286,21775.2242685998,21777.6298921709,43.0036640212885,33.2748538011692,44.174939461126,21801.5,21771.5,21741.5,-3.30115103694698,-3.30622059274869,0.00506955580170931,6.03466834004723,25.194330755351,0,10,0,-0.0212598533165752,1,0,1,0.022968968922985
2025-02-24 05:19:00,21772,21775,21770.75,21773.5,223,21774.910765218,21777.236569107,43.638811343559,28.4823848238478,42.3999389567786,21778.25,21773.25,21768.25,-3.23192203919098,-3.29136088203714,0.0594388428461672,5.90719203004385,24.6524369237388,35.2941176470588,0,0,-0.0171581416914429,1,0,0,0.0195216058243285
2025-02-24 05:20:00,21774,21776,21771.25,21772.25,278,21774.4269897238,21776.7616577635,42.3676899990481,42.9268292682923,42.3853465031617,21785.375,21772.875,21760.375,-3.24056687525808,-3.28120208068133,0.0406352054232495,5.82453545646929,23.9102797130707,21.0526315789474,0,0,-0.0207177625139462,-1,1,0,0.0218177642533157
2025-02-24 05:21:00,21772.5,21773,21769.25,21771.5,179,21773.8948097741,21776.2605475003,41.5850053883686,44.0379403794034,41.4598385494124,21779.375,21771.875,21764.375,-3.27023941775769,-3.2790095480966,0.00877013033891094,5.67635435243577,23.5746978313981,0,53.3333333333333,0,-0.0218611799299168,-1,0,1,0.0172261331924618
2025-02-24 05:22:00,21772.25,21772.75,21771.25,21772,58,21773.550298906,21775.8547810717,42.3496287129996,41.3580246913576,40.7118627632978,21776.75,21771.75,21766.75,-3.21633341068446,-3.26647432061417,0.050140909929719,5.37804332726179,23.2630860841307,0,0,0,-0.0177020884390089,-1,0,0,0.00688982029052076
2025-02-24 05:23:00,21773.25,21773.75,21768.5,21769.75,139,21772.8593354686,21775.2733733506,39.8234762100547,32.6278659611989,39.9813298517689,21793.375,21770.875,21748.375,-3.31693316684323,-3.27656608985999,-0.0403670769832423,5.36889737531452,23.4602129941496,0,52.3809523809524,0,-0.0253653456187641,-1,1,0,0.0241174173691343
2025-02-24 05:24:00,21769.75,21770.5,21762.5,21763.75,546,21771.2030926561,21774.175909222,33.9993132439533,25.2204585537915,39.9178686599433,21826.75,21766.75,21706.75,-3.83658331007973,-3.38856953390393,-0.448013776175797,5.55683327707777,24.5168998437097,0,75,0,-0.0478819922527531,-1,0,0,0.0367604824813326
2025-02-24 05:25:00,21763.75,21768,21762.5,21767,272,21770.4388939914,21773.4924892961,39.1873723426367,24.9735449735446,40.8233766062676,21797.875,21765.375,21732.875,-3.94073560680408,-3.49900274848396,-0.441732858320118,5.5527737572865,25.4981090611583,0,0,0,-0.0298183183026197,1,0,0,0.0252728317059161
2025-02-24 05:26:00,21766.5,21769.5,21764.25,21765,180,21769.4500041747,21772.6836807917,37.2470254739173,27.4537037037033,42.165501507066,21786,21766,21746,-4.13697190074163,-3.6265965789355,-0.51037532180613,5.53114706033746,25.9574940431386,28.5714285714286,0,0,-0.0352904626012862,-1,0,0,0.0241221268823874
2025-02-24 05:27:00,21764.75,21765.75,21763,21765.25,177,21768.6863670521,21771.9757111925,37.6625312739072,36.8452380952377,43.2508065081873,21767.625,21765.125,21762.625,-4.22363028601103,-3.7460033203506,-0.477626965660426,5.33249369888478,26.5757997678227,0,45.4545454545455,0,-0.0308915979040213,1,0,0,0.0126361255341635
2025-02-24 05:28:00,21765.25,21767,21764,21765.75,173,21768.1524821335,21771.382786317,38.5390410913374,37.6144688644684,42.2751452646689,21770.5,21765.5,21760.5,-4.20350645354847,-3.83750394699018,-0.366002506558293,5.1658870061073,26.7582423031521,41.6666666666667,0,0,-0.0258724325058952,1,0,0,0.0137842308399191
2025-02-24 05:29:00,21765.5,21768,21764.25,21767.25,147,21767.9883944729,21770.9891876201,41.2097047739199,55.5311355311351,40.5010000976666,21781.5,21766.5,21751.5,-4.0201785910358,-3.8740388757993,-0.146139715236499,5.06475221995678,26.6149133071192,26.6666666666667,0,0,-0.0171750929087732,1,1,0,0.0172300906302767
2025-02-24 05:30:00,21766.5,21767,21764.5,21765.25,89,21767.4905045687,21770.442598323,38.7894718994536,52.8525641025637,38.3923132192429,21786.25,21766.25,21746.25,-3.9902758088283,-3.8972862624051,-0.0929895464231985,4.89941277567415,26.4818220965172,0,0,0,-0.023851597410215,-1,0,0,0.0114865951434676
2025-02-24 05:31:00,21765.75,21767.5,21764.75,21765.75,215,21767.1740491926,21769.995684197,39.7422575360917,52.0833333333329,38.2344532916461,21770.5,21765.5,21760.5,-3.88148843463568,-3.89412669685122,0.0126382622155341,4.74588329169743,26.1864126771959,18.1818181818182,0,0,-0.0195024576879363,0,0,0,0.0126351095234266
2025-02-24 05:32:00,21766.25,21771.5,21763.75,21771,397,21767.8696766121,21770.0913333211,48.7609596903813,54.9327956989243,39.7814491414858,21820.875,21768.375,21715.875,-3.33321925616474,-3.78194520871392,0.448725952549184,4.96046305657618,24.6671363301774,51.6129032258064,0,0,0.00417392221747569,1,0,1,0.0356096720464074
2025-02-24 05:33:00,21771,21771.5,21766.75,21767.25,199,21767.7570081372,21769.8207301476,43.7267111913351,59.5698924731179,42.0019854021479,21806.625,21769.125,21731.625,-3.16482352653111,-3.65852087227736,0.493697345746252,4.94542998110645,23.2563797222315,0,0,0,-0.0118086877218785,-1,0,0,0.0218222747998668
2025-02-24 05:34:00,21767.25,21771.5,21766.75,21770.75,178,21768.3011884759,21769.9092320383,49.0173296592991,76.344086021505,44.3889323130917,21804,21769,21734,-2.71762090614357,-3.4703408790506,0.752719972907036,4.93147069674171,21.9463914434247,0,0,0,0.00386206461726466,1,0,0,0.0218222747998668
2025-02-24 05:35:00,21771.5,21774,21770,21772.5,265,21769.064608753,21770.1559718442,51.4739270190255,71.5980719317756,46.3575131382611,21789.125,21771.625,21754.125,-2.1966773043423,-3.21560816410894,1.01893085976664,4.86493707554587,20.7775930357771,62.5,0,0,0.0107671628941027,1,1,0,0.0183739090491502
2025-02-24 05:36:00,21772.25,21772.5,21766.25,21767.75,221,21768.8255889797,21769.9268316686,45.1189930194908,62.9959213941412,47.90307718846,21817.625,21770.125,21722.625,-2.14241462709833,-3.00096945670682,0.858554829608488,4.96387014157831,19.9442154707103,0,60,0,-0.00999926038062566,-1,0,0,0.0287141790616206
2025-02-24 05:37:00,21767.75,21771,21764,21766,311,21768.3118455289,21769.5528477001,43.0120952502403,39.5550611790875,48.3978768468806,21784.375,21766.875,21749.375,-2.21508729162451,-2.84379302369036,0.628705732065846,5.10930798860843,19.7059864121037,0,32.1428571428571,0,-0.0163202603424657,-1,0,0,0.0321632052931446
2025-02-24 05:38:00,21765.25,21766,21763.25,21765.25,261,21767.7551463418,21769.1430526811,42.104646742067,20.3254867770993,48.0482360056883,21773.125,21765.625,21758.125,-2.30661046421665,-2.73635651179562,0.42974604757897,4.94078598942211,19.6561104295118,0,27.2727272727273,0,-0.0178833529259815,0,0,0,0.0126359803797686
2025-02-24 05:39:00,21764.75,21764.75,21761.25,21762.75,387,21766.8451197342,21768.534190521,39.1403636483289,19.0020790020786,47.6217027220122,21789,21764,21739,-2.55146069385592,-2.69937734820768,0.147916654351761,4.87358699017768,20.0512229126786,0,50,0,-0.0265713367301061,-1,0,1,0.0160836349014877
2025-02-24 05:40:00,21763.5,21768.75,21762.5,21767.75,323,21767.0096434189,21768.4595057094,47.1537887909977,41.2243012243008,48.6053168306263,21815.25,21765.25,21715.25,-2.31535804535815,-2.62257348763777,0.307215442279619,4.97190220516499,19.1559695520406,64,0,0,-0.00325932898128291,1,1,0,0.0287191269385411
2025-02-24 05:41:00,21767.5,21767.5,21757,21757.75,548,21765.3260718882,21767.4395527847,36.7356294398089,36.1447535915617,48.5552822232208,21862.75,21762.75,21662.75,-2.90171228889812,-2.67840124788984,-0.223311041008282,5.38462347622463,19.4666576911237,0,51.1627906976744,0,-0.0445139758456403,-1,0,1,0.0482603300087328
2025-02-24 05:42:00,21757.75,21762,21757.5,21760.25,237,21764.4031497267,21766.7548334719,40.2875557171174,40.2364066193849,48.7425634914292,21784,21759,21734,-3.12860849350182,-2.76844269701224,-0.360165796489578,5.32143608506573,19.7551538202724,0,0,0,-0.0298842593747946,1,0,0,0.0206825232678387
2025-02-24 05:43:00,21760.25,21770.5,21759.25,21768.25,574,21765.1025770491,21766.8972302841,49.9678503578526,39.1252955082738,47.5707177755105,21844.25,21764.25,21684.25,-2.63254587895426,-2.74126333340064,0.108717454446381,5.74490493613246,18.7519645549931,75.5555555555556,0,0,0.00621480269593793,1,1,0,0.0517021496604892
2025-02-24 05:44:00,21768,21769.75,21766.75,21768.75,154,21765.7657448584,21767.0736845428,50.5078884704883,65.8437897799596,48.4986624667531,21773.5,21768.5,21763.5,-2.1740062706449,-2.62781192084949,0.453805650204598,5.54884029783729,17.8204316658053,0,0,0,0.00770115212327824,1,0,0,0.0137824893472843
2025-02-24 05:45:00,21768.5,21769.25,21765.75,21766,108,21765.8083367023,21766.971428872,47.4728255285546,76.6239316239312,50.2515623446529,21794.875,21767.375,21739.875,-2.00934981090177,-2.50411949885995,0.494769687958181,5.40249456227748,16.7193454163736,0,28.5714285714286,0,-0.00446285729368571,-1,0,0,0.0160803096608203
2025-02-24 05:46:00,21765.5,21768.5,21764.25,21765.25,201,21765.7068209382,21766.8074832652,46.6495053022491,54.9067599067595,50.2497026452126,21773.125,21765.625,21758.125,-1.91727594859185,-2.38675078880633,0.469474840214478,5.3201735221148,15.7049951007991,0,35.2941176470588,0,-0.00715531327396803,-1,0,0,0.0195274360476469
2025-02-24 05:47:00,21765,21767.75,21764,21766.25,117,21765.8055807676,21766.7543896209,47.9457975398626,40.34632034632,48.8765903504413,21775.75,21765.75,21755.75,-1.74351692884738,-2.25810401681454,0.514587087967155,5.20801827053517,14.8226731629833,0,6.66666666666667,0,-0.00231724772484587,1,0,1,0.0172302885498989
2025-02-24 05:48:00,21767,21771.5,21766,21769.25,302,21766.4318388099,21766.9920667998,51.7346352259802,43.6796536796533,46.5434166117376,21797.75,21767.75,21737.75,-1.34819556661387,-2.07612232677441,0.727926760160538,5.22887410835409,14.4208723290123,68.1818181818182,0,0,0.0103731980663216,1,1,0,0.0252687678029955
2025-02-24 05:49:00,21768.75,21770.25,21766,21767.5,192,21766.6260499354,21767.0404413903,49.4725150651057,53.1746031746028,45.2274545576538,21785.875,21768.375,21750.875,-1.16270794017328,-1.89343944945418,0.730731509280903,5.15895452918594,14.0477715546107,0,0,0,0.00211125904285264,-1,0,0,0.0195258660295874
2025-02-24 05:50:00,21767.5,21769.25,21766,21767.5,64,21766.7849499471,21767.084208877,49.4725150651057,47.9797979797976,44.1548743137722,21767.5,21767.5,21767.5,-1.00413264378585,-1.71557808832051,0.711445444534663,5.02260063424409,13.7013208355234,0,0,0,0.00191018291222136,0,0,0,0.014931544610861
2025-02-24 05:51:00,21768.5,21770,21767.25,21769.5,159,21767.2785954113,21767.314284222,52.2404496498034,52.0974450386211,45.0507588751674,21788.5,21768.5,21748.5,-0.708905472609331,-1.51424356517828,0.805338092568947,4.86027201751237,13.5705569550104,27.2727272727273,0,0,0.010041274497425,1,0,0,0.0126336583629076
2025-02-24 05:52:00,21769.75,21770,21763.25,21764.5,253,21766.7733962456,21767.0462571532,45.5259743268421,42.7147289892384,46.6499904617488,21817,21767,21717,-0.86838383738359,-1.38507161961934,0.516687782235751,4.99525258769005,12.9090485661467,0,59.2592592592593,0,-0.0116977614838484,-1,0,0,0.0310155882048867
2025-02-24 05:53:00,21764.75,21764.75,21757.5,21762.75,473,21766.0418696555,21766.6370898053,43.422335943681,47.6238198983293,48.6944005257667,21781.125,21763.625,21746.125,-1.12303630166934,-1.33266455602934,0.209628254359997,5.15630597428362,13.5451977776819,0,79.3103448275862,0,-0.0178580172457339,-1,0,1,0.033321843042629
2025-02-24 05:54:00,21762.75,21764,21761.5,21763.25,153,21765.5342569908,21766.3145098239,44.2154621783947,35.5061728395058,48.2859627839956,21768,21763,21758,-1.26986616626164,-1.3201048780758,0.0502387118141643,4.96656983326336,14.1359077598217,0,0,0,-0.0140791396838146,1,0,0,0.0114881786641546
2025-02-24 05:55:00,21763.5,21767.75,21763.5,21767,197,21765.8007557198,21766.3797946025,49.8892624599784,60.2276422764224,50.0061691186285,21802.625,21765.125,21727.625,-1.07128710101097,-1.27034132266283,0.199054221651867,4.93324341660169,13.6267966049042,83.3333333333333,0,0,0.00284937322290402,1,0,0,0.0195281089898224
2025-02-24 05:56:00,21767.25,21769.5,21766.75,21767.5,289,21766.1097092253,21766.4864808309,50.6105653628824,71.2276422764224,52.2198288084169,21772.25,21767.25,21762.25,-0.86361077239053,-1.18899521260837,0.325384440217843,4.777297458273,12.7140132034584,63.6363636363636,0,0,0.00465632875579593,1,0,0,0.0126339485683439
2025-02-24 05:57:00,21767.25,21770,21766.5,21767.75,192,21766.4079439116,21766.6068159898,50.9904244447943,77.6891807379608,54.9743920391088,21770.125,21767.625,21765.125,-0.671116659963445,-1.08541950207939,0.414302842115942,4.68606192553922,11.8706904862081,14.2857142857143,0,0,0.0052520083623011,1,1,0,0.0160797555877151
2025-02-24 05:58:00,21767.5,21769.75,21764.25,21764.25,146,21766.0155904731,21766.3823573241,45.6920590244219,46.7948717948714,53.613755040174,21801,21766,21731,-0.79185641051663,-1.02670688376684,0.234850473250206,4.74420035942927,11.5186411172905,0,40.9090909090909,0,-0.00979656283313297,-1,0,0,0.0252707995910725
2025-02-24 05:59:00,21764.25,21765.75,21762,21763.25,125,21765.5127558416,21766.084037579,44.2764519275449,27.0032051282047,50.0694174333364,21773.75,21763.75,21753.75,-0.957201156266819,-1.01280573826683,0.0556045820000133,4.67318604804147,11.7055337399497,0,60,0,-0.0130204292792782,-1,0,0,0.0172318720705817
2025-02-24 06:00:00,21762,21764,21760,21763.25,190,21765.1013456886,21765.8141292381,44.2764519275449,16.319444444444,47.3131806145995,21763.25,21763.25,21763.25,-1.07583648520085,-1.02541188765364,-0.050424597547216,4.62510133032422,12.3016310946528,0,50,0,-0.011780534478982,1,0,0,0.0183823529411765
2025-02-24 06:01:00,21763.5,21775.75,21747,21754.25,3195,21763.1283737452,21764.7127835964,33.4570825851579,24.7252415458933,46.1973892717119,21848.75,21758.75,21668.75,-1.87447286559473,-1.19522408324185,-0.679248782352871,6.3483083781582,14.7131699823738,0,45.2173913043478,0,-0.0480722337134811,-1,1,1,0.132202142824298
2025-02-24 06:02:00,21754,21763.25,21751.5,21758,492,21762.1959421552,21764.0734708729,40.0324344109092,32.2705314009658,45.3824519660914,21793.625,21756.125,21718.625,-2.17967831614806,-1.39211492982309,-0.787563386324961,6.73414349400405,16.9524560924004,0,0,0,-0.0279059472991605,1,0,0,0.0540192630393306
2025-02-24 06:03:00,21758,21759.5,21749.5,21756.75,629,21761.2057708542,21763.3759974565,38.6610651771692,32.4637681159416,43.9031066047584,21769.875,21757.375,21744.875,-2.4936748564287,-1.61242691514422,-0.881247941284482,6.96741895871804,19.2431766243122,0,20,0,-0.0304456324112326,-1,0,0,0.0459780684613439
2025-02-24 06:04:00,21756.75,21757.75,21749,21750.75,355,21759.304721608,21762.1735215082,32.8449053013891,28.1515382659543,42.4868023394839,21813.75,21753.75,21693.75,-3.18989807338585,-1.92792114679254,-1.26197692659331,7.09474617595247,21.4232796420063,0,5.71428571428571,0,-0.052492557772026,-1,0,0,0.0402317347924042
2025-02-24 06:05:00,21751.25,21756.75,21749,21756.75,275,21758.8402267702,21761.6569956503,42.2079167397405,40.0010896807231,41.6227769567769,21813.75,21753.75,21693.75,-3.22038751033324,-2.18641441950068,-1.03397309083256,7.14155002052729,23.4476610155794,0,0,0,-0.0225488144183213,1,0,0,0.0356338222447009
2025-02-24 06:06:00,21757.25,21766.25,21755.75,21764.5,497,21759.8692764483,21761.9277579693,51.5955662644238,58.6484326758922,42.7608986486808,21838.125,21760.625,21683.125,-2.58934205483456,-2.26699994656746,-0.322342108267103,7.38143930477534,22.7293965958474,90.4761904761905,0,0,0.0118199180664917,1,0,0,0.0482631028578652
2025-02-24 06:07:00,21764.5,21768.25,21761.75,21768.25,364,21761.3930443668,21762.529876258,55.3730289032779,87.8881987577636,45.6369257100689,21803.875,21766.375,21728.875,-1.76627975146766,-2.1668559075475,0.400576156079835,7.31847935443425,21.6397361498943,30.7692307692308,0,0,0.0262842774924132,1,0,0,0.0298689213872965
2025-02-24 06:08:00,21768,21771.25,21766.25,21769.75,336,21762.9124908456,21763.2175070905,56.8244634369163,93.3925510363094,49.7716670098406,21784,21769,21754,-0.981643704653834,-1.92981346696877,0.948169762314932,7.15287368626037,20.1570418468926,60,0,0,0.0300162092638325,1,0,0,0.0229713432492965
2025-02-24 06:09:00,21769.75,21774.25,21767,21773.75,365,21764.8829470555,21764.2206016533,60.5126388458523,95.4408602150534,52.2868968626,21811.75,21771.75,21731.75,-0.0366252211970277,-1.55117581781442,1.51455059661739,7.15981128009892,19.327258341562,41.3793103448276,0,1,0.0437846983867543,1,0,0,0.033307300041347
2025-02-24 06:10:00,21773.75,21774.25,21771.25,21773.25,236,21766.404229409,21765.080544353,59.8247012265769,91.2741935483867,53.718793382026,21778.5,21773.5,21768.5,0.664305217080255,-1.10807961083548,1.77238482791574,6.86268190294899,18.5567450866121,0,0,0,0.037534690626728,-1,0,0,0.0137796405810415
2025-02-24 06:11:00,21773.75,21774.5,21770.25,21772.5,319,21767.5125513347,21765.7871591765,58.7458633144244,85.6111111111107,54.2846455515367,21780.375,21772.875,21765.375,1.14606775171706,-0.657250138324976,1.80331789004203,6.67606176702407,17.616417653806,0,23.5294117647059,0,0.0308412499597108,-1,0,0,0.0195220541794421
2025-02-24 06:12:00,21772.5,21774.75,21769.25,21774.5,214,21768.7829965465,21766.6169535407,60.7771366697943,85.4292929292925,57.0442470611382,21793.5,21773.5,21753.5,1.67000058937629,-0.191799992784724,1.86180058216101,6.59205735509377,16.5152535031325,0,18.1818181818182,0,0.0362162226502573,1,0,0,0.025264995348944
2025-02-24 06:13:00,21774.75,21775,21767.5,21767.5,213,21768.5497244472,21766.7010532035,51.2632175014232,56.2626262626259,59.1342057135969,21841,21771,21701,1.5030533756908,0.147170680910381,1.35588269478042,6.6569104011585,15.57262471038,0,23.3333333333333,0,0.00367050015791537,-1,1,0,0.034455036177788
2025-02-24 06:14:00,21767.25,21767.5,21759.5,21760,695,21766.9952290931,21766.0628576603,43.4205707174464,32.8934506353857,60.3180632986641,21838.75,21763.75,21688.75,0.756834864969278,0.26910351772216,0.487731347247118,6.75284537250433,16.1476014060694,0,100,0,-0.0278546363663987,-1,0,1,0.0367655506790138
2025-02-24 06:15:00,21760,21765.75,21760,21765.25,214,21766.6779147126,21765.985442645,49.271097657785,13.4408602150534,59.512036060747,21815.125,21762.625,21710.125,0.582369252693752,0.331756664716478,0.250612587977274,6.68121356018259,16.6815083377811,0,0,0,-0.00337886215607506,1,0,0,0.0264246323529412
2025-02-24 06:16:00,21764.75,21770.75,21764.75,21770.5,207,21767.3728393103,21766.4154004884,54.3541270564052,46.033452807646,60.4951018755099,21820.375,21767.875,21715.375,0.857846402588621,0.436974612290907,0.420871790297714,6.63255544874098,16.0106954666907,83.3333333333333,0,0,0.0187656048848324,1,0,0,0.0275675116874763
2025-02-24 06:17:00,21770.25,21770.75,21765,21765.5,190,21767.032323072,21766.3282194895,49.2887651676358,62.0124475563331,62.6057218355378,21818,21768,21718,0.665039652190899,0.482587620270905,0.182452031919993,6.56951577383091,15.3877978006782,0,0,0,-0.00380504916176941,-1,0,0,0.0264185619113255
2025-02-24 06:18:00,21765.5,21768.25,21764.75,21766,144,21766.844627968,21766.2969604905,49.7926484496392,56.5913006029281,64.637133431036,21770.75,21765.75,21760.75,0.546287472792756,0.495327590775275,0.0509598820174802,6.3502646471287,14.8597394015996,0,7.14285714285714,0,-0.00136431332811167,1,0,0,0.0160810484843612
2025-02-24 06:19:00,21765.5,21772.25,21765.25,21771.75,230,21767.736513792,21766.8162975866,55.2940530437792,55.1098191214466,65.7163283910876,21826.375,21768.875,21711.375,0.905711976425664,0.577404467905353,0.328307508520311,6.39667431519093,14.1207479392385,57.1428571428571,0,0,0.0226661646146783,1,0,0,0.032161358128209
2025-02-24 06:20:00,21772,21773,21769.75,21770.75,198,21768.2844203753,21767.1909359117,54.1821188236269,62.2979797979794,65.9770103283796,21781.25,21771.25,21761.25,1.09721878722848,0.68136733176998,0.415851455458505,6.17191186410587,13.5904147041076,23.0769230769231,0,0,0.0163505897420441,-1,0,0,0.0149289725421743
2025-02-24 06:21:00,21770.5,21776.75,21769.25,21776,347,21769.6872530343,21768.0298943963,58.8596108260726,86.51295564339,65.8787786773529,21825.875,21773.375,21720.875,1.65355923687093,0.87580571279017,0.777753524080763,6.26677530238402,13.828231407484,50,0,0,0.0366138122850942,1,0,0,0.0344522663849237
2025-02-24 06:22:00,21776.5,21779,21773.75,21776,436,21770.8350252099,21768.7889520728,58.8596108260726,78.478767609202,64.8135084325595,21776,21776,21776,2.07059452662725,1.11476347555759,0.955831051069661,6.19414849507088,14.4414412627576,42.8571428571429,0,0,0.0331256274431725,-1,1,0,0.0241116022733796
2025-02-24 06:23:00,21775.5,21778,21774.75,21777,226,21771.9559297172,21769.5709566373,59.7669528820189,80.7320698625043,63.7628805502346,21786.5,21776.5,21766.5,2.45350713795415,1.3825122080369,1.07099492991725,5.98385217399438,15.010850414083,0,0,0,0.0341258143188067,1,0,0,0.0149255444953444
2025-02-24 06:24:00,21776.25,21779.25,21776.25,21776.75,182,21772.8275788595,21770.2546750528,59.4141620310921,67.7544677544674,62.0829001363832,21779.375,21776.875,21774.375,2.7056066808691,1.64713110260334,1.05847557826576,5.77071987585193,15.766039285791,41.6666666666667,0,0,0.0298357784239076,1,1,0,0.0137764766660926
2025-02-24 06:25:00,21776.75,21778.25,21775.5,21777,123,21773.5862008851,21770.8970869526,59.6705297856605,61.344211344211,60.3495501530332,21779.375,21776.875,21774.375,2.89223046314146,1.89615097471096,0.996079488430497,5.55495417043393,16.2365378563151,0,27.2727272727273,0,0.0280324371708852,1,0,0,0.0126288718973158
2025-02-24 06:26:00,21777,21780,21776.25,21779.75,181,21774.7068916332,21771.7402215285,62.4782229791509,66.3299663299659,58.9853125387956,21805.875,21778.375,21750.875,3.22485900522952,2.16189258081467,1.06296642441484,5.4260288725458,17.0101653162618,46.6666666666667,0,0,0.0367897944307287,1,0,0,0.0172205958326158
2025-02-24 06:27:00,21779.75,21780.25,21778,21778,219,21775.305638609,21772.3363909067,59.6330780297311,65.6920077972706,59.6588397912702,21796.375,21778.875,21761.375,3.30911374327115,2.39133681330597,0.917776929965185,5.19916966736395,17.7767435353059,11.1111111111111,0,0,0.0260128678501432,-1,1,0,0.010331527229314
2025-02-24 06:28:00,21778.25,21779.25,21776.25,21776.5,194,21775.5227952255,21772.7329251061,57.2275055955519,51.1086744639372,60.9599272075953,21792.25,21777.25,21762.25,3.21775647258255,2.55662074516129,0.661135727421264,5.0420861196951,17.8935297702892,0,58.3333333333333,0,0.0173018008665062,-1,0,0,0.0137764766660926
2025-02-24 06:29:00,21776.75,21779.75,21776,21779.75,119,21776.2913779118,21773.4012179531,60.9071459673601,49.0389576883381,63.5026484556871,21810.625,21778.125,21745.625,3.36876993318583,2.7190505827662,0.649719350419636,4.94979425400259,18.1152061275205,13.3333333333333,0,0,0.029158430432205,1,0,1,0.0172207935341661
2025-02-24 06:30:00,21779.25,21781.5,21776.75,21779,202,21776.7838546551,21773.9344352909,59.6322217428727,49.6769162210335,63.7628958423576,21786.875,21779.375,21771.875,3.3888657221687,2.8530136106467,0.535852111522006,4.93552323585955,18.7105696617748,36.8421052631579,0,0,0.02326435180614,-1,1,0,0.0218122538946353
2025-02-24 06:31:00,21779.25,21780,21775.5,21776.75,208,21776.7776992633,21774.2025843108,55.854905199187,54.5380273321446,63.229008683487,21800.375,21777.875,21755.375,3.18650355430873,2.9197115993791,0.266791954929626,4.90441443329815,18.8080046123635,0,27.7777777777778,0,0.0116992375692769,-1,0,1,0.0206654267410622
2025-02-24 06:32:00,21776.25,21785,21776,21784.5,353,21778.1817539427,21775.183290567,64.2540191996768,56.7052099946833,63.2371450686124,21858.125,21780.625,21703.125,3.60987788371131,3.05774485624554,0.552133027465762,5.19695625949114,19.9171767259898,55.5555555555556,0,0,0.0427859059036164,1,0,0,0.0413299044819985
2025-02-24 06:33:00,21784.5,21785,21780.5,21781.25,256,21778.7396168622,21775.7610724177,59.16987331818,58.6988304093564,63.4935030177488,21815.375,21782.875,21750.375,3.64118394938487,3.17443267487341,0.466751274511459,5.14717366952749,20.9471222600713,0,0,0,0.0252065935331544,-1,0,0,0.0206606827207824
2025-02-24 06:34:00,21781.25,21784,21781,21783.25,198,21779.5596865236,21776.474303616,61.2042580365163,78.6062378167638,64.6583785905191,21802.25,21782.25,21762.25,3.78376067947829,3.29629827579439,0.487462403683906,4.9938041217041,21.9035002560042,0,0,0,0.0311147538829951,1,0,0,0.0137734722923649
2025-02-24 06:35:00,21783.5,21784.25,21782.25,21783.75,127,21780.3215617011,21777.1672270812,61.7177976665214,71.1013645224168,63.5575506533067,21788.5,21783.5,21778.5,3.8922323548577,3.41548509160705,0.476747263250649,4.7799609701538,22.8432543320564,12.5,0,0,0.0302278659578735,1,0,0,0.00918178792365343
2025-02-24 06:36:00,21784,21784.5,21781.5,21783.5,190,21780.8994595737,21777.7703483115,61.2810098630336,74.7354497354493,63.2901708051815,21786.125,21783.625,21781.125,3.91291834149524,3.51497174158469,0.397946599910556,4.6528209008571,23.3842096629944,0,25,0,0.0263096340755751,-1,0,0,0.0137731561187246
2025-02-24 06:37:00,21784,21787.25,21782.5,21787,303,21782.0086487421,21778.6493627581,65.0140796185719,79.767655854612,63.2212840903321,21820.25,21785.25,21750.25,4.16373592827222,3.64472457892219,0.519011349350024,4.6597622650816,24.4806249256517,57.8947368421053,0,0,0.0383432282821884,1,1,0,0.0218064960403994
2025-02-24 06:38:00,21786.75,21787,21783.5,21784.25,202,21782.4161671526,21779.1827567811,60.1102022038211,71.6356107660452,63.4985085911591,21813.125,21785.625,21758.125,4.09342223212298,3.73446410956235,0.358958122560626,4.57692210329005,25.4987248124049,0,0,0,0.0232664525362908,-1,0,0,0.0160672068308582
2025-02-24 06:39:00,21783.75,21784,21778.25,21782.25,306,21782.385954943,21779.4748751829,56.7571905583814,62.6409017713362,63.5911293359537,21803.25,21783.25,21763.25,3.8321403079899,3.75399934924786,0.0781409587420425,4.67857052448362,24.3703305126381,0,87.5,0,0.0127419271263481,-1,0,1,0.0264024887215456
2025-02-24 06:40:00,21782.25,21782.75,21781,21781.5,136,21782.2248722261,21779.6677442131,55.5067906264153,43.1377961812741,61.9345457539043,21789.375,21781.875,21774.375,3.52393207331988,3.70798589406227,-0.184053820742382,4.46938691559193,23.3225358057118,0,0,0,0.0084126893413368,-1,0,0,0.00803452550387953
2025-02-24 06:41:00,21781,21782,21780,21781.25,100,21782.0476227305,21779.8184352404,55.0712621958135,44.5870715435929,60.4270503072131,21783.875,21781.375,21778.875,3.22235659518265,3.61086003428634,-0.388503439103696,4.2930021359068,22.003347106763,0,50,0,0.0065728957467152,1,0,0,0.00918273645546373
2025-02-24 06:42:00,21781,21781.5,21778.5,21781,191,21781.8571458704,21779.9309652175,54.609811027361,49.380099866033,60.303580693077,21783.625,21781.125,21778.625,2.92941447874546,3.47457092317816,-0.545156444432708,4.20064484048488,20.5839481350718,0,50,0,0.00490834789227927,0,0,0,0.0137750533783318
2025-02-24 06:43:00,21781,21781,21777,21779.5,225,21781.428573894,21779.8899209111,51.8049710500436,53.6658141517473,60.6340704404634,21795.25,21780.25,21765.25,2.54685966411853,3.28902867136624,-0.742169007247709,4.18631306616453,19.7339161134214,0,37.5,0,-0.00179027953085513,-1,0,0,0.0183680029388805
2025-02-24 06:44:00,21779.5,21780,21777,21777.5,161,21780.7142877314,21779.6623093958,48.2467807184002,39.9782135076249,59.9413059609342,21798.5,21778.5,21758.5,2.05856902970481,3.04293674303395,-0.98436771332914,4.10157641858135,18.944600664746,0,0,0,-0.00992811258979178,-1,0,0,0.0137760022041604
2025-02-24 06:45:00,21778.25,21778.5,21772,21776.25,408,21779.902599053,21779.3373275485,46.1148961986795,36.1111111111107,58.6250976594318,21789.375,21776.875,21764.375,1.5528305665066,2.74491550772848,-1.19208494122188,4.27289238868268,19.5526614322896,0,76.9230769230769,0,-0.0141754889145963,-1,0,0,0.0298548594525078
2025-02-24 06:46:00,21775.75,21776.5,21771,21771.5,368,21778.3748537706,21778.5909154011,39.0530456135264,21.2962962962959,56.0958895381184,21821.375,21773.875,21726.375,0.759983274067054,2.3479290609962,-1.58794578692914,4.36054293234821,20.3370086627897,0,18.1818181818182,-1,-0.0325591101306939,-1,0,1,0.0252629644940517
2025-02-24 06:47:00,21771.5,21774.75,21771.25,21773.5,145,21777.4885167214,21778.1060663152,43.0103064766922,28.7037037037033,53.9533804877146,21792.5,21772.5,21752.5,0.289690001940471,1.93628124918505,-1.64659124724458,4.29907558003762,21.0653310911113,0,0,0,-0.0211499856838792,1,0,0,0.0160762473445484
2025-02-24 06:48:00,21773.5,21775,21771.5,21773.5,186,21776.763331863,21777.6673933328,43.0103064766922,28.1144781144777,50.3468262232656,21773.5,21773.5,21773.5,-0.0820746984682046,1.5326100596544,-1.61468475812261,4.24199875289207,21.6283904325173,7.14285714285714,0,0,-0.0191360867882383,0,0,0,0.0160760627425763
2025-02-24 06:49:00,21773.5,21774,21771,21772.25,143,21775.9427260697,21777.1514511107,41.0770422252174,36.6792929292925,47.8881068237568,21785.375,21772.875,21760.375,-0.472123113904672,1.13166342494259,-1.60378653884726,4.15328455625693,22.2806071444658,0,16.6666666666667,0,-0.0225073105712145,-1,0,0,0.0137797988149373
2025-02-24 06:50:00,21772.5,21774.25,21768.75,21770.75,269,21774.998594057,21776.5417891001,38.8219615285039,36.2348484848481,45.1380638772852,21786.5,21771.5,21756.5,-0.891994401055854,0.726931859742898,-1.61892626079875,4.24947851652429,23.4300477776172,0,40.9090909090909,0,-0.0265964594205038,-1,0,0,0.0252655756531726
2025-02-24 06:51:00,21771.25,21771.5,21767,21768.75,266,21773.8624860467,21775.7997139477,35.9852760733732,29.1293103448272,41.5210391980149,21789.75,21769.75,21749.75,-1.37033236790012,0.307479014214295,-1.67781138211441,4.26737290820113,24.8686111344723,0,38.8888888888889,0,-0.0323740759941798,-1,0,1,0.0206734965773878
2025-02-24 06:52:00,21769.25,21773,21768.75,21770.25,211,21773.2056704018,21775.2711697622,39.5527142717185,33.6551724137927,38.8081507442826,21784.5,21769.5,21754.5,-1.60982413829697,-0.0759816162879586,-1.53384252200901,4.26613198618676,25.4637744653929,35.2941176470588,0,0,-0.0230590458464882,1,0,0,0.0195233993683606
2025-02-24 06:53:00,21770,21770.5,21765.25,21766,234,21771.8955485106,21774.3882012134,33.8044943010468,26.2143121987389,36.2062514890971,21810.625,21768.125,21725.625,-2.1181459055515,-0.484414474140667,-1.63373143141083,4.3364082728877,26.749337459586,0,66.6666666666667,0,-0.0385232463752144,-1,0,0,0.0241210185961567
2025-02-24 06:54:00,21766,21767.75,21763.75,21766,370,21770.8236305996,21773.5893249074,33.8044943010468,26.2764432953528,35.0018691401027,21766,21766,21766,-2.49226528553118,-0.885984636418769,-1.60628064911241,4.31237911053858,28.210427378404,0,37.5,0,-0.0348556445800388,0,0,1,0.0183791855723393
2025-02-24 06:55:00,21765.25,21767.75,21764.25,21767,151,21770.128425036,21772.9617701543,36.3295750584381,27.38329727577,33.7730281209725,21776.5,21766.5,21756.5,-2.67720479650598,-1.24422866843621,-1.43297612806977,4.2543520312144,29.5671537315921,0,0,0,-0.0273815304378724,1,0,0,0.0160814179215916
2025-02-24 06:56:00,21766.5,21769.75,21764.25,21769.75,249,21770.059620484,21772.6558872825,42.7923395820768,57.4908241574904,34.3523655703623,21795.875,21768.375,21740.875,-2.57221774902064,-1.5098264845531,-1.06239126446754,4.34332688612766,29.8505360351317,36.3636363636364,0,0,-0.013346498918289,1,0,0,0.0252707995910725
2025-02-24 06:57:00,21769,21770.25,21760.75,21762,396,21768.5942349415,21771.6410408746,32.7143736541965,53.768680961663,34.359713199642,21843.375,21765.875,21688.375,-3.07888353518865,-1.82363789468021,-1.25524564050844,4.71166067997568,30.8208045482074,0,36.8421052631579,0,-0.0442825639855211,-1,1,0,0.0436565835276817
2025-02-24 06:58:00,21761.75,21766,21760.75,21763.75,247,21767.7134649521,21770.8895131723,36.3590942108424,48.2456140350873,34.9502418087464,21780.375,21762.875,21745.375,-3.30115577751349,-2.11914147124686,-1.18201430626662,4.75011348854885,31.721768167492,0,0,0,-0.032793851477491,1,0,0,0.0241260066863504
2025-02-24 06:59:00,21764.75,21771.75,21764,21771.25,322,21768.3564713244,21770.9238452511,49.0875057560304,46.7304625199358,35.7087669093768,21842.5,21767.5,21692.5,-2.8393900895644,-2.26319119491037,-0.576198894654032,4.98224823936679,30.29357929627,71.875,0,0,0.00149812084783039,1,0,0,0.0356092630031244
2025-02-24 07:00:00,21770.75,21778.75,21769.75,21777.5,713,21770.0189310836,21771.5501457034,56.8351781226278,73.3630161261736,39.4278183257966,21836.875,21774.375,21711.875,-1.94667463501901,-2.1998878829321,0.253213247913091,5.26923050798344,29.085276285213,77.7777777777778,0,0,0.0273285744781557,1,1,0,0.0413417701167905
2025-02-24 07:01:00,21777.25,21777.5,21769,21775,685,21770.9245799775,21771.8787032554,53.3386761308047,87.6954573988468,43.6415150183069,21801.25,21776.25,21751.25,-1.42449956795463,-2.0448102199366,0.620310651981978,5.4999997574132,27.7586256822113,0,8.82352941176471,0,0.0143363684278386,-1,0,0,0.0390463503146676
2025-02-24 07:02:00,21774.5,21774.75,21763.75,21765,500,21769.847383618,21771.2235886597,42.1646490581105,58.6550533584428,45.8229846785901,21870,21770,21670,-1.7968752325869,-1.99522322246666,0.198347989879764,5.91071406045511,26.2881551675722,0,46.6666666666667,0,-0.0285863062971091,-1,0,0,0.0505427603239331
2025-02-24 07:03:00,21764.25,21767.5,21758.75,21762,859,21768.4205865965,21770.3451516445,39.4917658741384,33.414312617702,45.5897717991908,21793.5,21763.5,21733.5,-2.30746157686735,-2.0576708933468,-0.249790683520553,6.11352019899403,25.8575265791248,0,57.1428571428571,0,-0.0383326565855689,-1,0,0,0.0402137071293158
2025-02-24 07:04:00,21762,21762.25,21750,21751.75,911,21765.3895708517,21768.5741848212,32.0225544115341,10.9124579124575,43.7810296154486,21859.375,21756.875,21654.375,-3.498861572225,-2.34590902912244,-1.15295254310256,6.55184018478017,26.653336798898,0,71.4285714285714,0,-0.0772865722777496,-1,0,1,0.0563218390804598
2025-02-24 07:05:00,21751.75,21755,21751,21751.25,563,21762.8187397877,21766.9242624573,31.7075176269106,10.5156325156321,42.4514811990775,21756.5,21751.5,21746.5,-4.4323075905595,-2.76318874140985,-1.66911884914965,6.3695658858673,27.3923034315447,0,0,0,-0.0720095419466297,-1,0,0,0.018389959082341
2025-02-24 07:06:00,21751.75,21758,21745.75,21757,1068,21761.7607870991,21765.9790946042,39.1245473775965,27.4651274651271,42.0093351313157,21811.625,21754.125,21696.625,-4.65443985460297,-3.14143896404848,-1.51300089055449,6.78959689401964,28.6520614556113,0,42.8571428571429,0,-0.0412528862825943,1,0,1,0.0563328466481956
2025-02-24 07:07:00,21758,21759.25,21755,21757.75,442,21761.0315530811,21765.1953713086,40.0392963796863,54.7378547378543,44.0467310269668,21764.875,21757.375,21749.875,-4.71560399475857,-3.4562719701905,-1.25933202456807,6.60819711587538,29.4939943338003,29.4117647058824,0,0,-0.0342076934368705,-1,1,0,0.0195357389105953
2025-02-24 07:08:00,21758,21759,21752.25,21753.5,294,21759.6621797936,21764.081526422,36.6760786309656,71.4927048260378,47.2764639934443,21798.125,21755.625,21713.125,-5.04881687954912,-3.77478095206222,-1.2740359274869,6.61832589331285,30.5725308600006,0,40.7407407407407,0,-0.0486192188224406,-1,0,0,0.0310312726269696
2025-02-24 07:09:00,21754,21755.5,21752,21755.5,284,21758.9054198311,21763.2642381914,39.2616543292802,64.8573861217535,49.9531846253003,21774.5,21754.5,21734.5,-5.0928005712849,-4.03838487590676,-1.05441569537814,6.39558832950479,31.6008710454774,0,7.14285714285714,0,-0.0356758899142176,1,0,1,0.016090474439132
2025-02-24 07:10:00,21755.25,21758.25,21753.75,21757.25,226,21758.6044344073,21762.6914536017,41.5119986491757,60.2277564921239,50.1486797920598,21773.875,21756.375,21738.875,-4.9296219756834,-4.21663229586209,-0.712989679821317,6.26018916311159,31.7856624667656,61.1111111111111,0,0,-0.0250035875080425,1,0,0,0.0206860886054129
2025-02-24 07:11:00,21757.75,21759.5,21756,21758,188,21758.4945372423,21762.2446484968,42.4953236391203,67.7586206896548,51.1479612012021,21765.125,21757.625,21750.125,-4.68576840960304,-4.31045951861028,-0.375308890992764,6.06303279431791,31.6205763854844,35.7142857142857,0,0,-0.0195046446970132,1,1,0,0.0160875160875161
2025-02-24 07:12:00,21758,21758.5,21752.75,21753.5,300,21757.5864395619,21761.4118248304,38.3312429941187,55.37037037037,51.656872368008,21800.75,21755.75,21710.75,-4.80029033464234,-4.40842568181669,-0.39186465282565,6.04067330900949,31.918372904553,0,56.5217391304348,0,-0.0363571301995879,-1,0,0,0.0264334394501845
2025-02-24 07:13:00,21754.25,21755.5,21742.5,21744.25,812,21755.1616323688,21759.7773653228,31.4986722043574,33.8017429193896,50.7333923965404,21841.375,21748.875,21656.375,-5.57320306412657,-4.64138115827867,-0.931821905847905,6.53776807265166,33.2645037268265,0,78.8461538461538,0,-0.0713581074938213,-1,0,0,0.0597907324364724
2025-02-24 07:14:00,21744.75,21747,21742.25,21744.75,577,21753.2686083018,21758.346187673,32.2021655830936,12.263281380928,46.3691256290228,21749.5,21744.5,21739.5,-6.07536314490062,-4.92817755560306,-1.14718558929756,6.41007035317655,34.5358939267185,0,5.26315789473684,0,-0.0624872292944801,0,0,1,0.0218468649748761
2025-02-24 07:15:00,21744.25,21749,21743.75,21744.25,404,21751.6288613378,21757.0036936089,31.849913183119,13.5910242181048,41.0759518303984,21749.5,21744.5,21739.5,-6.43944453986842,-5.23043095245613,-1.20901358741229,6.32720818509251,35.178695579093,38.0952380952381,0,0,-0.0586187959908912,0,0,0,0.0241448692152918
2025-02-24 07:16:00,21744.75,21755.75,21744,21753.5,549,21751.9690683673,21756.6700085033,44.0445226994312,37.937429446863,39.5961215509998,21841.375,21748.875,21656.375,-5.91341777478374,-5.36702831692165,-0.546389457862086,6.7145504575859,34.2032186848168,57.4468085106383,0,0,-0.0145702835132398,1,0,0,0.0540378955114054
2025-02-24 07:17:00,21753.5,21758.5,21752.75,21757.25,366,21752.9292377551,21756.7252457887,48.0991433627482,63.3176988949291,41.7320777136589,21792.875,21755.375,21717.875,-5.13475386738719,-5.32057342701476,0.18581955962757,6.64565399632976,32.7501734849197,47.8260869565217,0,0,0.00241191725957332,1,0,0,0.0264334394501845
2025-02-24 07:18:00,21757.5,21762.25,21757,21759.5,481,21754.1239217996,21756.9895080945,50.4205195742454,86.5967546371536,47.1380989082801,21780.875,21758.375,21735.875,-4.28668665940131,-5.11379607349207,0.827109414090758,6.54596442516335,30.711743615002,71.4285714285714,0,0,0.0115387834541581,1,1,0,0.0241301650043664
2025-02-24 07:19:00,21759.25,21761.75,21757.25,21761.25,273,21755.4195723815,21757.3952692284,52.2108791310954,88.6435382628846,52.7186636045124,21777.875,21760.375,21742.875,-3.43379426955653,-4.77779571270496,1.34400144314843,6.39982410908026,28.8189158786499,0,0,0,0.0177168761422501,1,0,0,0.0206827609187742
2025-02-24 07:20:00,21761.25,21767.25,21760.5,21765,592,21757.1614683121,21758.1195293019,55.8869453190118,84.151323849215,56.7676776319472,21800.625,21763.125,21725.625,-2.42729687843166,-4.3076959458503,1.88039906741864,6.42483667271738,27.3973213787684,81.4814814814815,0,0,0.0316225429724143,1,1,0,0.0310195078238092
2025-02-24 07:21:00,21765.25,21766,21761.75,21764.75,301,21758.5412013463,21758.7510027017,55.5799963217129,80.84082156611,58.6321752625369,21767.375,21764.875,21762.375,-1.63101206340798,-3.77235916936184,2.14134710595386,6.26949119609471,26.0772693431642,0,0,0,0.0275705039208154,-1,0,0,0.019529679368617
2025-02-24 07:22:00,21764,21766,21762.25,21764,159,21759.5337101924,21759.2509072063,54.610956623904,68.3002107798852,58.404139973526,21771.875,21764.375,21756.875,-1.04838422186003,-3.22756417986148,2.17917995800144,6.0895275392308,24.8515067386746,0,0,1,0.0218256263231242,0,0,0,0.0172316741145791
2025-02-24 07:23:00,21763.5,21766.5,21761.25,21763.25,250,21760.2093992483,21759.6317731866,53.6044683227531,54.9823633156963,57.6987812016648,21771.125,21763.625,21756.125,-0.639791078512644,-2.71000955959171,2.07021848107907,6.0295612864286,23.4969210703384,0,19.047619047619,0,0.0166281619610034,-1,1,0,0.0241254523522316
2025-02-24 07:24:00,21763,21764.25,21755.75,21756.75,473,21759.5804175668,21759.3573185974,45.7370247997296,33.0831385094947,55.7598799171913,21825,21760,21695,-0.830895697501546,-2.33418678717368,1.50329108967213,6.20602119454085,22.4677948925835,0,64.7058823529412,0,-0.0119825165755358,-1,0,0,0.0390701308849385
2025-02-24 07:25:00,21757.5,21759,21753,21753.75,498,21758.5203416456,21758.8232882548,42.6273594545599,17.6510397440626,52.1807669925061,21785.25,21755.25,21725.25,-1.21046888106866,-2.10944320595268,0.898974324884011,6.19130539493079,21.9717261885344,0,45.8333333333333,-1,-0.0233160046736382,-1,0,0,0.0275824024272514
2025-02-24 07:26:00,21753.75,21756.5,21751.75,21755.5,352,21757.9711886191,21758.5067846115,44.9774673297848,14.9526270456499,49.2937853264547,21772.125,21754.625,21737.125,-1.35445962168524,-1.95844648909919,0.603986867413951,6.08835500957859,21.7131260361625,0,26.3157894736842,0,-0.01381889226713,1,0,0,0.0218373234337467
2025-02-24 07:27:00,21755,21755.5,21751,21753.25,284,21757.1127906884,21758.006138458,42.5634050187141,21.2268518518515,48.3955788216305,21776.875,21754.375,21731.875,-1.63132462220528,-1.89302211572041,0.261697493515123,5.97490108032297,21.5965001396058,0,16.6666666666667,0,-0.0218592568995519,-1,0,0,0.0206887039676337
2025-02-24 07:28:00,21753.5,21754,21745.25,21747.25,482,21755.3195560177,21756.9817443192,36.8789884687772,25.3009259259256,49.3268391462732,21810.25,21750.25,21690.25,-2.30828353005563,-1.97607439858745,-0.332209131468181,6.17312243172847,22.3377622649489,0,65.7142857142857,0,-0.0447292939504753,-1,0,1,0.040238672813603
2025-02-24 07:29:00,21746.5,21754.5,21746.25,21753.5,380,21754.9887276509,21756.6501496221,45.103459225239,42.1301942186085,51.3653512891663,21812.875,21750.375,21687.875,-2.3137837167742,-2.0436162622248,-0.270167454549395,6.32147082946216,22.8965071287212,6.06060606060606,0,0,-0.0144790195201872,1,0,0,0.0379375754440421
2025-02-24 07:30:00,21753.25,21754.5,21751.5,21754,205,21754.8089589871,21756.39775442,45.7128636654419,64.28672575014,53.2474438822576,21758.75,21753.75,21748.75,-2.25183903438301,-2.08526081665644,-0.166578217726568,6.084222913072,23.4153416450813,0,0,0,-0.0110209164543706,1,0,0,0.013792152265361
2025-02-24 07:31:00,21754.5,21765.25,21754.25,21764.75,722,21756.6164209894,21757.19320638,56.8131728793789,90.8169401750913,55.2116754022691,21866.875,21759.375,21651.875,-1.32009503496738,-1.93222766031863,0.61213262535125,6.45320699070972,21.9616009689073,95.5555555555556,0,0,0.034732391941944,1,0,0,0.0505648321592333
2025-02-24 07:32:00,21765.25,21767.75,21763.5,21767.75,511,21758.6407080823,21758.1986152962,59.3134409768324,97.3210052157417,55.9776933007397,21796.25,21766.25,21736.25,-0.335736117645865,-1.61292935178408,1.27719323413821,6.29583506280188,21.0277332489964,58.8235294117647,0,1,0.043897865226314,1,0,0,0.0195281089898224
2025-02-24 07:33:00,21767.75,21770,21767,21769,481,21760.5242157037,21759.2273186013,60.3436410118616,97.0064049011414,56.5750409177581,21780.875,21768.375,21755.875,0.539026408659993,-1.18253819969526,1.72156460835526,6.06041827260174,20.518718053144,75,0,0,0.044912814483709,1,0,0,0.0137823310515919
2025-02-24 07:34:00,21769.25,21772,21767.25,21771.25,440,21762.474358303,21760.3723358774,62.1990127191236,94.9424214130093,57.3458336008862,21792.625,21770.125,21747.625,1.39772609270585,-0.66648534121504,2.06421143392089,5.9668169674159,20.3538233113727,42.1052631578947,0,0,0.0499884099165457,1,1,0,0.0218217735359313
2025-02-24 07:35:00,21771,21771.25,21766.75,21768.5,279,21763.5699295206,21761.1463991271,58.5908763343271,72.720199190787,56.765789145506,21797.375,21769.875,21742.375,1.83519477857772,-0.166149317256489,2.00134409583421,5.8620443268862,20.0884565577744,0,11.1111111111111,0,0.0337923413499322,-1,0,0,0.0206737340209264
2025-02-24 07:36:00,21768.5,21769.75,21764,21767.25,358,21764.2390332442,21761.7276944484,56.9730535290861,55.0449346405225,55.8189837069801,21780.375,21767.875,21755.375,2.05731189966173,0.278542926127154,1.77876897353457,5.85404116068004,19.2339031888823,0,47.8260869565217,0,0.0253762276100797,-1,0,1,0.0264197757765117
2025-02-24 07:37:00,21767.75,21772.75,21767.75,21770.75,310,21765.4228453816,21762.5869616438,60.280181000023,50.3670634920631,55.4893194338635,21804,21769,21734,2.48709241447068,0.720252823795859,1.76683959067482,5.82875250634575,18.9587138783814,54.5454545454545,0,0,0.0375095036753697,1,0,0,0.0229697603105512
2025-02-24 07:38:00,21770.75,21772.75,21767.75,21771.5,274,21766.5277825849,21763.4358224396,60.9724260615423,67.8273809523806,57.9710510369267,21778.625,21771.125,21763.625,2.85530116637165,1.14726249231102,1.70803867406063,5.76955589874963,18.7031809472019,0,0,0,0.0370537888695268,1,0,0,0.0229697603105512
2025-02-24 07:39:00,21771.5,21774,21771.25,21773,325,21767.7045493877,21764.346696493,62.3844269401384,82.2857142857139,62.5878135041875,21787.25,21772.25,21757.25,3.23090288177627,1.56399057020407,1.66691231157221,5.55387333455323,18.6881087780388,45.4545454545455,0,0,0.0397590776681842,1,1,0,0.0126313371992881
2025-02-24 07:40:00,21773,21773.25,21771,21772.25,152,21768.5309949535,21765.0993920651,61.1923205326536,80.5714285714282,67.2748707560288,21780.125,21772.625,21765.125,3.42852926413616,1.93689830899049,1.49163095514567,5.31788238208514,18.607620660922,0,11.1111111111111,0,0.0328535505679408,-1,0,0,0.010334849111203
2025-02-24 07:41:00,21772.25,21773,21769.5,21769.5,281,21768.7071776893,21765.5184975827,56.8989423984311,51.9999999999996,69.4729527666108,21798.375,21770.875,21743.375,3.32491997095349,2.21450264138309,1.1104173295704,5.18803364050763,18.1272063005543,0,42.8571428571429,0,0.0182927065016364,-1,0,0,0.0160775396770711
2025-02-24 07:42:00,21770.25,21773,21766.5,21768,204,21768.5785999276,21765.7548311462,54.6467285040365,31.407407407407,69.9091300152881,21783.75,21768.75,21753.75,3.08619565326444,2.38884124375936,0.697354409505082,5.28174552332851,16.9279278702618,0,46.1538461538462,0,0.0103151435417101,-1,0,0,0.029862403234328
2025-02-24 07:43:00,21768,21769.25,21766.25,21768.75,222,21768.6097635771,21766.0400853228,55.5932044093638,19.7530864197527,68.3107651725127,21775.875,21768.375,21760.875,2.92381967042093,2.49583692909167,0.427982741329255,5.11876370023362,15.7536030751402,0,8.33333333333333,0,0.0124501961155862,1,0,0,0.0137828059495779
2025-02-24 07:44:00,21768.75,21769.25,21760.25,21761,579,21767.2261701995,21765.5600771968,45.1157800157533,21.7138707334782,65.2698469570368,21842.375,21764.875,21687.375,2.14504851952734,2.4256792471788,-0.280630727651468,5.39599486450265,15.872271489938,0,66.6666666666667,0,-0.0209508837844218,-1,0,0,0.0413598189359038
2025-02-24 07:45:00,21761.5,21761.5,21752.25,21754.25,803,21764.8668665268,21764.4829269876,38.3385096936542,18.2280319535218,60.0849249412104,21825.125,21757.625,21690.125,0.971993646096962,2.13494212696244,-1.16294848086547,5.6712809456096,17.1840922581444,0,86.4864864864865,0,-0.0470166326574762,-1,0,0,0.0425243365628843
2025-02-24 07:46:00,21753.75,21759.75,21751.75,21759.75,606,21763.9365271583,21764.0321720364,45.5198898182609,21.1204481792713,54.642028010034,21812,21757,21702,0.480603148160299,1.80407433120201,-1.32347118304171,5.8376180209232,18.4657440697028,0,6.25,-1,-0.0196754535305487,1,0,0,0.0367786499936787
2025-02-24 07:47:00,21760,21761,21750.75,21750.75,826,21761.5389767659,21762.767203271,37.7683732288093,19.1596638655458,49.0815465074914,21845.25,21755.25,21665.25,-0.627815084109898,1.31769644813963,-1.94551153224953,6.15278816228583,19.3167291195984,12.1951219512195,0,0,-0.0552190958014203,-1,0,0,0.0471248117880993
2025-02-24 07:48:00,21750.75,21753.25,21743.75,21749,872,21759.2591628085,21761.4560410547,36.4679721655365,25.3830227743267,44.1130180332998,21767.375,21749.875,21732.375,-1.62868047880693,0.728421062750316,-2.35710154155724,6.39187472212256,20.9764044538101,0,73.6842105263158,0,-0.0572390056585739,-1,0,0,0.0436907157229089
2025-02-24 07:49:00,21749,21749.25,21739.25,21746.75,943,21756.9847695706,21760.0554657162,34.8085236122404,21.6391804097947,40.4643738346575,21770.375,21747.875,21725.375,-2.57376099625617,0.0679846509490194,-2.64174564720519,6.64959795625666,22.960598878685,0,45,0,-0.0611462858499969,-1,0,1,0.0459997470013915
2025-02-24 07:50:00,21746.5,21748.25,21741.75,21747.5,603,21755.2602660123,21758.8597070765,35.8563023913916,41.2820375526519,39.4813097569525,21754.625,21747.125,21739.625,-3.22504902564469,-0.590622084369723,-2.63442694127497,6.63891238795261,24.8030651303545,0,0,0,-0.0522072720237977,1,0,0,0.0298963974841032
2025-02-24 07:51:00,21747.5,21754.75,21746.5,21752.25,684,21754.7129449191,21758.2302111645,42.1931743631246,59.0940992637318,40.1046694549288,21797.375,21749.875,21702.375,-3.31964735036672,-1.13642713756912,-2.1832202127976,6.75399007452742,24.8863854572472,78.7878787878788,0,0,-0.0274848234735019,1,0,0,0.037937139309774
2025-02-24 07:52:00,21752.75,21760,21747.75,21747.75,805,21753.4469549338,21757.2320958155,38.3298461559449,58.5587504997576,39.4426244225986,21795,21750,21705,-3.71490646688835,-1.65212300343297,-2.06278346345538,7.14656221206118,23.9058747619057,42.8571428571429,0,0,-0.0435813515880067,-1,1,0,0.0563276660803991
2025-02-24 07:53:00,21747.5,21752.25,21744.75,21751.75,455,21753.1384176731,21756.7099914521,43.2996295639133,54.2164398049879,37.4376762454039,21789.75,21749.75,21709.75,-3.66315897735694,-2.05433019821776,-1.60882877913918,7.17180776834252,23.4235472042341,0,40,0,-0.0227975252419225,1,0,0,0.0344910840547718
2025-02-24 07:54:00,21751.25,21753.5,21742,21743.5,637,21751.3859780962,21755.4518970281,36.7258783769757,29.0372283354539,33.7566619428343,21830.125,21747.625,21665.125,-4.23899032912232,-2.49126222439867,-1.74772810472364,7.48096435631806,23.3452003394043,0,23.9130434782609,0,-0.0549374799690329,-1,0,1,0.052893018121608
2025-02-24 07:55:00,21743.25,21748.5,21742.25,21748.5,322,21750.861254806,21754.7898115969,42.4304454348179,36.9189039360097,32.6794407954064,21796,21746,21696,-4.2429722676352,-2.84160423304598,-1.40136803458922,7.39303833086677,23.2724496792051,0,0,0,-0.0289123069049368,1,0,0,0.0287458749669422
2025-02-24 07:56:00,21748.5,21758,21748.5,21754.75,423,21751.5682993867,21754.7860200162,48.6611530451193,48.1808574879223,33.8775443725861,21814.125,21751.625,21689.125,-3.69916356114118,-3.01311609866502,-0.686047462476158,7.54353559294771,21.7639266612478,100,0,0,-0.000165572836110496,1,1,0,0.0436811734142585
2025-02-24 07:57:00,21754.5,21755.75,21750.25,21753.75,440,21751.9649722255,21754.6873514432,47.7702978489756,69.7417040487689,37.4481599175158,21764.25,21754.25,21744.25,-3.31071897843503,-3.07263667461902,-0.238082303816012,7.39756876488002,20.3631552874303,0,0,0,-0.00430873323108371,-1,0,0,0.0252870656659119
2025-02-24 07:58:00,21754,21764.75,21753.75,21759.5,872,21753.3349772754,21755.1456989248,53.088409024472,73.4652269027265,41.1446853581764,21814.125,21756.625,21699.125,-2.50996360476347,-2.96010206064791,0.450138455884442,7.6548852816743,20.322173240517,81.8181818181818,0,0,0.0200150398229224,1,1,0,0.050565994368787
2025-02-24 07:59:00,21759.75,21762.75,21757.75,21759.25,320,21754.4104359526,21755.5365847415,52.836507489971,67.5923820751403,44.6707103668635,21761.875,21759.375,21756.875,-1.87393060710383,-2.7428677699391,0.868937162835266,7.46525061869757,20.2841184826689,0,0,0,0.0170688286359976,-1,0,0,0.0229803173581827
2025-02-24 08:00:00,21759.75,21763.25,21758.75,21763.25,186,21756.0176294158,21756.2711957185,56.401110703138,72.0416365243947,48.3079381058009,21801.25,21761.25,21721.25,-1.03517050230221,-2.40132831641172,1.36615781410951,7.25344700307631,20.314554675829,11.1111111111111,0,0,0.0320772076184825,1,0,0,0.0206813350950767
2025-02-24 08:01:00,21763,21766.25,21757.25,21763.75,711,21757.4235149765,21756.9834627929,56.840226529092,73.5516080343663,52.1930769750023,21768.5,21763.5,21758.5,-0.326339417322743,-1.98633053659392,1.65999111927118,7.37820078857086,20.7339196732018,33.3333333333333,0,1,0.0311005301752145,1,0,1,0.0413655218375484
2025-02-24 08:02:00,21763,21768.5,21763,21766,633,21758.9828758899,21757.8421806222,58.8487807871354,78.7878787878784,56.0077095473989,21787.375,21764.875,21742.375,0.412218719546217,-1.5066206853659,1.91883940491211,7.24404358938723,21.4018706978561,40.9090909090909,0,0,0.0374936968018094,1,1,0,0.025272251068327
2025-02-24 08:03:00,21766,21767.25,21763,21766.5,308,21760.3496257281,21758.6667348486,59.3020426644688,77.407407407407,59.9911543329426,21771.25,21766.25,21761.25,1.02604952513138,-1.00008664326644,2.02613616839782,7.03018333300243,22.022110935035,0,0,0,0.0360006669839448,1,0,0,0.0195285576437072
2025-02-24 08:04:00,21767,21769.5,21764,21768,364,21761.7406028684,21759.555617244,60.7005318037378,78.9743589743586,62.6834630059217,21782.25,21767.25,21752.25,1.6149363440345,-0.477082045806251,2.09201838984075,6.92088452350225,22.886358784143,40.9090909090909,0,0,0.0388076985786572,1,1,0,0.0252710898731851
2025-02-24 08:05:00,21768.5,21768.5,21764,21767.25,246,21762.7423114378,21760.2884156017,59.5977962560854,74.8433048433045,63.8084062616054,21775.125,21767.625,21760.125,1.9980820130404,0.0179507659630799,1.98013124707732,6.74796420039495,23.6888746440289,0,0,0,0.0319921513231945,-1,0,0,0.0206763462598787
2025-02-24 08:06:00,21767.5,21770,21766.75,21767.5,206,21763.6073457218,21760.9752331635,59.8595689481016,66.8803418803415,64.4028056459328,21769.875,21767.375,21764.875,2.29544022080154,0.473448656930772,1.82199156387077,6.49810961465245,24.6351379473889,46.1538461538462,0,0,0.0299837979071863,0,0,0,0.0149310301262246
2025-02-24 08:07:00,21767.75,21771.75,21767.75,21771.25,305,21764.996919227,21761.953782386,63.6627522467804,72.4221119382406,65.703210798308,21806.875,21769.375,21731.875,2.80139961183158,0.939038847910934,1.86236076392065,6.33753035646299,25.7433211674887,41.1764705882353,0,0,0.0427177527669484,1,0,0,0.0183758082484409
2025-02-24 08:08:00,21770.25,21775,21769,21772,524,21766.2702066402,21762.9105650159,64.3894578191237,71.83936135549,68.7605060140249,21779.125,21771.625,21764.125,3.22571082005379,1.39637324233951,1.82933757771429,6.31342104528706,27.1676946938678,54.1666666666667,0,0,0.0417657139974759,1,1,0,0.027562129633883
2025-02-24 08:09:00,21772.5,21772.5,21768.5,21771,294,21767.1301690693,21763.6809873953,62.5920402261153,67.3374456466777,70.9332589933583,21781.5,21771.5,21761.5,3.44161605931367,1.80542180573434,1.63619425357933,6.14817668490942,28.333293716134,0,12.5,0,0.0336294793555875,-1,0,0,0.018375175138388
2025-02-24 08:10:00,21771.25,21773.75,21768,21769.75,314,21767.6065019658,21764.2589885958,60.3251659125074,44.4879832810863,70.6694822642986,21782.875,21770.375,21757.875,3.47183679025693,2.13870480263886,1.33313198761807,6.11973549313017,29.5732382314986,21.7391304347826,0,0,0.0252294893527313,-1,0,1,0.026414920984932
2025-02-24 08:11:00,21769.75,21778.75,21768.25,21772.75,664,21768.5416834265,21765.0676563486,63.721093684968,38.0045442395078,68.4025422779228,21801.25,21771.25,21741.25,3.69526514879908,2.4500168718709,1.24524827692818,6.43261152933516,31.2830874662597,47.6190476190476,0,0,0.0352966679118278,1,1,0,0.0482353886968406
2025-02-24 08:12:00,21772.75,21775,21771.75,21773,250,21769.3522864399,21765.8231176487,63.9976462289488,38.5658914728678,65.9097326043615,21775.375,21772.875,21770.375,3.84814759325309,2.72964301614734,1.11850457710575,6.20528213438265,32.8708046128235,0,0,0,0.0329731722642066,1,0,0,0.0149276011344977
2025-02-24 08:13:00,21773,21773.25,21769.25,21770,232,21769.4700525417,21766.2209159679,58.2584830459972,35.7881136950901,63.6379991486436,21801.5,21771.5,21741.5,3.68475751305959,2.92066591552979,0.764091597529803,6.04776198192675,33.500227345225,0,62.5,0,0.0173621504932897,-1,0,0,0.0183745420719593
2025-02-24 08:14:00,21770.25,21772,21766.25,21766.75,380,21768.9754975341,21766.2713049233,52.740554720615,22.9641934293093,60.1324674989946,21800.875,21768.375,21735.875,3.25549454409702,2.98763164124324,0.267862902853782,6.02649326893198,33.168225921113,0,52.1739130434783,0,0.00219925163104038,-1,0,0,0.026417044736691
2025-02-24 08:15:00,21767,21769.5,21765.25,21766.5,179,21768.5254070734,21766.2930854068,52.3299644504558,12.6686507936504,55.7836848389435,21769.125,21766.625,21764.125,2.86213473030512,2.96253225905561,-0.100397528750498,5.89960089257969,32.5701638085991,0,23.5294117647059,0,0.000950619347008341,-1,0,0,0.0195265388635554
2025-02-24 08:16:00,21766.75,21774.75,21763.25,21773.5,639,21769.4298785146,21766.9794582252,61.3929838941963,36.8232401656311,52.7862106516401,21840,21770,21700,3.07973448040866,2.98597270332622,0.0937617770824382,6.29962940025257,32.826546158896,45.6521739130435,0,0,0.0299561167286012,1,0,1,0.0528413724972143
2025-02-24 08:17:00,21773.5,21776.5,21771,21771.75,386,21769.8517187847,21767.4337955371,58.4035341545841,56.3021260596113,51.278690555369,21790.125,21772.625,21755.125,3.07552078626395,3.00388231991377,0.0716384663501826,6.24251301452025,33.2992451325103,31.8181818181818,0,0,0.0198287244305057,-1,1,0,0.0252629644940517
2025-02-24 08:18:00,21771.5,21775.75,21771,21772.75,187,21770.3786790056,21767.940100724,59.6137225209999,74.9931637954604,50.994319471162,21782.25,21772.25,21762.25,3.11694286879356,3.02649442968973,0.0904484391038314,6.13590494205451,33.7381798937235,0,0,0,0.0220962537277748,1,0,0,0.0218180147903174
2025-02-24 08:19:00,21772.75,21777.75,21771.75,21776.75,250,21771.5371010046,21768.7791387503,64.1114867151186,73.6780805963192,50.9110891678059,21814.75,21774.75,21734.75,3.43296366998766,3.10778827774931,0.325175392238345,6.12619744619348,34.421915826267,33.3333333333333,0,0,0.036616023337269,1,1,0,0.0275586482483034
2025-02-24 08:20:00,21776,21776.25,21769.75,21770.5,266,21771.3485371856,21768.9430302979,53.9932068039894,55.4194327975771,50.0924528047513,21836.125,21773.625,21711.125,3.1428607231137,3.11480276682219,0.0280579562915095,6.18861191432252,34.3982764604781,0,28.5714285714286,0,0.00715225217836267,-1,0,1,0.0298579450843487
2025-02-24 08:21:00,21771.25,21773.5,21770,21770.75,239,21771.2397122428,21769.1151226505,54.3038736460039,35.6867283950613,47.4684968373813,21773.125,21770.625,21768.125,2.89969903284873,3.0717820200275,-0.172082987178768,5.99656820615662,34.3763256208169,0,0,0,0.0075100771909982,-1,0,0,0.0160771704180064
2025-02-24 08:22:00,21770.25,21772.75,21766.5,21772.75,403,21771.5143100168,21769.4613014457,56.8161585189758,28.6591880341876,44.3841987430026,21791.75,21771.75,21751.75,2.83568689338426,3.02456299469885,-0.188876101314588,6.01467047714543,33.2497969177968,0,56,0,0.0151069358528441,1,0,0,0.0287138492637769
2025-02-24 08:23:00,21771.5,21772,21765.25,21767.75,225,21770.8298900137,21769.2983203556,49.4906563350514,35.6351981351977,42.1197524921826,21820.25,21770.25,21720.25,2.35435901325036,2.89052219840915,-0.536163185158794,6.12076544306362,31.8434318551334,0,16.6666666666667,0,-0.00711240359165068,-1,0,1,0.0310127381950586
2025-02-24 08:24:00,21768.25,21778,21768.25,21776.25,531,21771.8153645567,21769.9603850837,59.1364008680683,60.2267014031716,43.2439466437601,21857,21772,21687,2.62848265117282,2.83811428896189,-0.209631637789069,6.41571076855907,31.6502698581003,58.5365853658537,0,0,0.0288912556802616,1,0,0,0.0447900037899234
2025-02-24 08:25:00,21776.5,21782.25,21776.25,21780.75,804,21773.4398437282,21770.9879674566,63.1487150877727,69.2513368983953,45.4758604051092,21823.5,21778.5,21733.5,3.1722720238904,2.90494583594759,0.267326187942811,6.38601714223343,32.0826508916983,70.8333333333333,0,0,0.0448396396064153,1,0,0,0.0275529533321853
2025-02-24 08:26:00,21780.75,21782.5,21777.5,21779.25,386,21774.4962357776,21771.7748276989,60.9986960680072,84.881320949432,48.7841053677209,21795,21780,21765,3.442508460932,3.01245836094447,0.430050099987532,6.28701591778818,32.5179580094528,5,0,0,0.034334234853602,-1,1,0,0.0229594765239353
2025-02-24 08:27:00,21779.75,21780.5,21776.75,21777.25,285,21774.9969201817,21772.2962726799,58.1555924501172,61.4564843481248,50.6175604143663,21798.25,21778.25,21758.25,3.45545713996762,3.1010581167491,0.354399023218519,6.10580049508903,32.6856903316233,0,20,0,0.0227524339097679,-1,0,0,0.0172202004431332
2025-02-24 08:28:00,21777.5,21783,21774.5,21782.5,447,21776.3611165123,21773.2680562342,63.0271620823727,62.4368765049875,53.4370377769147,21832.375,21779.875,21727.375,3.8450271062793,3.24985191465514,0.595175191624161,6.27681474543981,33.2099074822291,29.4117647058824,0,0,0.0424003587423928,1,0,1,0.0390364876346185
2025-02-24 08:29:00,21782.75,21783.5,21780.25,21782.5,261,21777.4772771464,21774.1472889738,63.0271620823727,66.3355119825704,57.2703850046947,21782.5,21782.5,21782.5,4.10642776813256,3.42116708535063,0.685260682781935,6.06061369219411,33.7685313837445,15.3846153846154,0,0,0.038360680284454,-1,1,0,0.0149217754617142
2025-02-24 08:30:00,21782.25,21782.5,21778.25,21779.25,275,21777.7995903925,21774.6332614525,58.1654420222018,78.5947712418296,60.2540657958518,21813.375,21780.875,21748.375,4.00517269957709,3.53796820819592,0.467204491381168,5.93128414275167,33.6084844585875,0,47.0588235294118,0,0.0212023710896592,-1,0,0,0.0195148829680989
2025-02-24 08:31:00,21779.5,21780,21773.75,21777.25,379,21777.6996648666,21774.8824746475,55.3366167894491,59.1880341880337,60.4602020907391,21798.25,21778.25,21758.25,3.72065465213382,3.5745054969835,0.146149155150318,5.95404956112655,32.1412683754499,0,72,0,0.0108727353879404,-1,0,1,0.0287042884206901
2025-02-24 08:32:00,21777.5,21784,21776.5,21781.5,427,21778.3906348909,21775.5127151573,59.8096904808745,54.7616565909244,59.0150944332722,21821.875,21779.375,21736.875,3.79437236821832,3.61847887123046,0.175893496987856,6.06447459247466,31.5143166190958,53.3333333333333,0,0,0.0274954942327157,1,0,0,0.0344407962712098
2025-02-24 08:33:00,21781.5,21786,21779,21780.25,638,21778.7287012743,21775.9638851423,57.9707440574097,54.8561388282638,57.6706700212683,21793.375,21780.875,21768.375,3.70917260312126,3.63661761760862,0.0725549855126371,6.13129783586932,31.2603300461141,28.5714285714286,0,0,0.0196827790509059,-1,1,0,0.0321410533082327
2025-02-24 08:34:00,21779,21779,21773,21774.25,671,21777.9143919517,21775.8006579859,50.020642000098,46.0954550675801,57.0046716119828,21837.25,21777.25,21717.25,3.12151839852231,3.53359777379136,-0.412079375269049,6.21120513330723,29.5414046057647,0,82.7586206896552,0,-0.00712101479173472,-1,0,0,0.0275570660910302
2025-02-24 08:35:00,21774.25,21776.75,21771.5,21774.25,418,21777.2481388696,21775.6529762729,50.020642000098,27.2140421155195,56.3994797348727,21774.25,21774.25,21774.25,2.6255327009203,3.35198475921715,-0.726452058296847,6.14254762378528,27.6247608564884,0,28.5714285714286,0,-0.00644286660180526,0,0,1,0.0241140941138645
2025-02-24 08:36:00,21774,21778,21773,21775,434,21776.8393863478,21775.5907880565,50.9949231138083,25.0825228411431,56.1440036496552,21782.125,21774.625,21767.125,2.26684837714492,3.13495748280271,-0.868109105657781,6.06093707922919,26.0966220599047,25,0,0,-0.00271307475518326,1,0,0,0.0229642217425251
2025-02-24 08:37:00,21774.75,21785,21774.75,21783.5,576,21778.0504070119,21776.3440463368,60.4134610165677,51.5070242656445,57.2777055161157,21864.25,21779.25,21694.25,2.63805754367786,3.03557749497774,-0.397519951299877,6.36015585928425,25.8779689030943,68.2926829268293,0,0,0.0328611343022997,1,0,0,0.0470728711007015
2025-02-24 08:38:00,21783,21786.5,21783,21784.25,472,21779.177605737,21777.0969943047,61.1234589001744,72.9629629629625,58.1874384846722,21791.375,21783.875,21776.375,2.95865666226018,3.02019332843423,-0.0615366661740437,6.15585901219252,25.893262348014,42.8571428571429,0,0,0.0328464611106941,1,0,0,0.0160675756323739
2025-02-24 08:39:00,21784.25,21786.5,21780.75,21782.75,284,21779.8271319666,21777.6353757995,58.8500828604485,80.1024428683999,58.9625174825296,21798.5,21783.5,21768.5,3.05646330317541,3.02744732338246,0.0290159797929435,6.1268690827502,25.3644892672686,0,39.1304347826087,0,0.0234856728576098,-1,0,0,0.0263994582372049
2025-02-24 08:40:00,21782.5,21785,21782,21785,188,21780.7676534272,21778.3367685805,61.1823005827287,75.1104943981906,58.2646013002981,21806.375,21783.875,21761.375,3.27774812664575,3.07750748403512,0.200240642610628,5.90352129112518,24.8734856922907,0,0,0,0.0305956854753927,1,0,0,0.0137728399595997
2025-02-24 08:41:00,21785,21787,21783,21785.25,413,21781.5826255314,21778.9951715728,61.4437795462872,71.3327166204128,58.9700464626044,21787.625,21785.125,21782.625,3.43370919202061,3.14874782563222,0.284961366388396,5.76755548461624,24.7582216715554,50,0,0,0.0287195454972984,1,0,0,0.0183629435798559
